"Reference","Qty","Value","Footprint","Price","Link"
"BT1","1","Battery","Connector_JST:JST_PH_B2B-PH-K_1x02_P2.00mm_Vertical","8€","https://soldered.com/products/li-po-battery-2100mah-3-7v-903759-jst?country=AT&currency=EUR&srsltid=AU7gw4UHEbtzmVKzsqJsmsovIvTwACiYevf3PzyO29j5126pXfUIdgN-4VM&utm_campaign=sag_organic&utm_content=sag_organic&utm_medium=product_sync&utm_source=google&variant=62540929335645"
"C1,C2","2","10nF","Capacitor_SMD:C_0805_2012Metric_Pad1.18x1.45mm_HandSolder","0,03€","https://www.tme.eu/sk/details/cl21b103kbannnc/kondenzatory-mlcc-smd/samsung/"
"C3","1","100nF","Capacitor_SMD:C_0805_2012Metric_Pad1.18x1.45mm_HandSolder","0,03€","https://www.tme.eu/sk/details/0805b104k500ct/kondenzatory-mlcc-smd/walsin/"
"D1,D2,D3,D4,D5,D6,D7,D8,D9,D10,D11,D12,D13,D14,D15,D16,D17,D18,D19,D20,D21,D22,D23,D24,D25,D26,D27,D28,D29,D30,D31,D32,D33,D34,D35,D36,D37,D38,D39,D40,D41,D42,D43,D44,D45","45","D","Diode_SMD:D_SOD-123","0,1€","https://www.tme.eu/sk/details/b140hw-7/diody-schottky-smd/diodes-incorporated/"
"D46","1","1N5819WS","Diode_SMD:D_SOD-123","0,1€","https://www.tme.eu/sk/details/b140hw-7/diody-schottky-smd/diodes-incorporated/"
"J1","1","USB_C_Receptacle_USB2.0_14P","Connector_USB:USB_C_Receptacle_G-Switch_GT-USB-7010ASV","1,50€","https://www.tme.eu/sk/details/usbc31srasmtbk/konektory-usb-a-ieee1394/adam-tech/usb-c31-s-ra-smt-bk/"
"Q1","1","AO3401A","Package_TO_SOT_SMD:SOT-23","0,2","https://www.tme.eu/sk/details/ao3401a/tranzistory-s-kanalom-p-smd/alpha-omega-semiconductor/"
"R1,R2","2","5.1k","Resistor_SMD:R_0805_2012Metric_Pad1.20x1.40mm_HandSolder","0,018€","https://www.tme.eu/sk/details/erj6geyj512v/rezistory-smd/panasonic/"
"R3","1","2.4k","Resistor_SMD:R_0805_2012Metric_Pad1.20x1.40mm_HandSolder","0,015€","https://www.tme.eu/sk/details/wr08x2401ftl/rezistory-smd/walsin/"
"R4,R5","2","4.7k","Resistor_SMD:R_0805_2012Metric_Pad1.20x1.40mm_HandSolder","0,016€","https://www.tme.eu/sk/details/wr08x4701ftl/rezistory-smd/walsin/"
"R6,R7,R8","3","10k","Resistor_SMD:R_0805_2012Metric_Pad1.20x1.40mm_HandSolder","0,06€","https://www.tme.eu/sk/details/erjp06f1002v/rezistory-smd/panasonic/"
"R9","1","100k","Resistor_SMD:R_0805_2012Metric_Pad1.20x1.40mm_HandSolder","0,05€","https://www.tme.eu/sk/details/arm05btcw1003a/rezistory-smd/viking/"
"SW1,SW2,SW3,SW4,SW5,SW6,SW7,SW8,SW9,SW10,SW11,SW12,SW13,SW14,SW15,SW16,SW17,SW18,SW19,SW20,SW21,SW22,SW23,SW24,SW25,SW26,SW27,SW28,SW29,SW30,SW31,SW32,SW33,SW34,SW35,SW36,SW37,SW38,SW39,SW40,SW41,SW42,SW43,SW44,SW45","45","SW_Push","Button_Switch_SMD:SW_SPST_TL3342","0,4€","https://www.tme.eu/sk/details/tl3342f160qg/mikrospinace-tact/e-switch/"
"U1","1","TP4056-42-ESOP8","Package_SO:SOIC-8-1EP_3.9x4.9mm_P1.27mm_EP2.41x3.3mm_ThermalVias","0,19€","https://techfun.sk/produkt/nabijaci-modul-tp4056-samostatny-cip-sop8-1a/?gad_source=1&gad_campaignid=17176525587&gbraid=0AAAAADPccu7uN-RaPUEJv5poNtX83cKnQ&gclid=CjwKCAjw_eLVBhBEEiwAeaYZfA69kYXZCkjZ5psldgaMQLDawZD1zJ1vjN15G5O53bf3Gb8UTp85EBoCH-IQAvD_BwE"
"U2","1","AP2112K-3.3","Package_TO_SOT_SMD:SOT-23-5","0,2€","https://www.tme.eu/sk/details/ap2112k-3.3trg1/stabilizatory-napatia-neregulovane-ldo/diodes-incorporated/"
"U3","1","HT-CT62","RF_Module:Heltec_HT-CT62","7€","https://heltec.org/project/ht-ct62/"
"U4","1","TCA8418RTWR","Package_DFN_QFN:QFN-24-1EP_4x4mm_P0.5mm_EP2.15x2.15mm","1,22€","https://www.mouser.sk/en/ProductDetail/Texas-Instruments/TCA8418RTWR?qs=OaSNdy%2FNfznRf6fiHyMJcA%3D%3D&utm_id=22436684827&utm_source=google&utm_medium=cpc&utm_marketing_tactic=emeacorp&gad_source=1&gad_campaignid=22436726104&gbraid=0AAAAADn_wf2ZZrLhvyEd4-lN-Mbne5u6Q&gclid=CjwKCAjw_eLVBhBEEiwAeaYZfMnvRIXVANyueM_dQwbdj7725LvPb64C9NgVpexUe2OXdHERb80x-RoCN-EQAvD_BwE"
"U5","1","ER_OLEDM0.91_1x-I2C","SSD1306:128x64OLED","3,45€","https://www.drotik-elektro.sk/arduino-platforma/1569-iic-i2c-oled-displej-0-96-biely-128-x-64.html?cv&_gl=1*tjeduc*_up*MQ..*_gs*MQ..&gclid=CjwKCAjw_eLVBhBEEiwAeaYZfMUZEHCit8VXgqzHy1sxemYlL6px8bMkfT5jfRRpE46iGeYMML5sABoCD5YQAvD_BwE&gbraid=0AAAAAoZkxMYKpazvY-dJFxgxA1w909TQa"
"U6","1","USBLC6-2SC6","Package_TO_SOT_SMD:SOT-23-6","0,26€","https://www.tme.eu/sk/details/usblc6-2sc6/bezpecnostne-diody-rebriky/stmicroelectronics/"
