"Reference","Qty","Value","Footprint","Price"
"BT1","1","Battery","Connector_JST:JST_PH_B2B-PH-K_1x02_P2.00mm_Vertical","8€"
"C1,C2","2","10nF","Capacitor_SMD:C_0805_2012Metric_Pad1.18x1.45mm_HandSolder","0,03€"
"C3","1","100nF","Capacitor_SMD:C_0805_2012Metric_Pad1.18x1.45mm_HandSolder","0,03€"
"D1,D2,D3,D4,D5,D6,D7,D8,D9,D10,D11,D12,D13,D14,D15,D16,D17,D18,D19,D20,D21,D22,D23,D24,D25,D26,D27,D28,D29,D30,D31,D32,D33,D34,D35,D36,D37,D38,D39,D40,D41,D42,D43,D44,D45","45","D","Diode_SMD:D_SOD-123","0,1€"
"D46","1","1N5819WS","Diode_SMD:D_SOD-123","0,1€"
"J1","1","USB_C_Receptacle_USB2.0_14P","Connector_USB:USB_C_Receptacle_G-Switch_GT-USB-7010ASV","1,50€"
"Q1","1","AO3401A","Package_TO_SOT_SMD:SOT-23","0,2"
"R1,R2","2","5.1k","Resistor_SMD:R_0805_2012Metric_Pad1.20x1.40mm_HandSolder","0,018€"
"R3","1","2.4k","Resistor_SMD:R_0805_2012Metric_Pad1.20x1.40mm_HandSolder","0,015€"
"R4,R5","2","4.7k","Resistor_SMD:R_0805_2012Metric_Pad1.20x1.40mm_HandSolder","0,016€"
"R6,R7,R8","3","10k","Resistor_SMD:R_0805_2012Metric_Pad1.20x1.40mm_HandSolder","0,06€"
"R9","1","100k","Resistor_SMD:R_0805_2012Metric_Pad1.20x1.40mm_HandSolder","0,05€"
"SW1,SW2,SW3,SW4,SW5,SW6,SW7,SW8,SW9,SW10,SW11,SW12,SW13,SW14,SW15,SW16,SW17,SW18,SW19,SW20,SW21,SW22,SW23,SW24,SW25,SW26,SW27,SW28,SW29,SW30,SW31,SW32,SW33,SW34,SW35,SW36,SW37,SW38,SW39,SW40,SW41,SW42,SW43,SW44,SW45","45","SW_Push","Button_Switch_SMD:SW_SPST_TL3342","0,4€"
"U1","1","TP4056-42-ESOP8","Package_SO:SOIC-8-1EP_3.9x4.9mm_P1.27mm_EP2.41x3.3mm_ThermalVias","0,19€"
"U2","1","AP2112K-3.3","Package_TO_SOT_SMD:SOT-23-5","0,2€"
"U3","1","HT-CT62","RF_Module:Heltec_HT-CT62","7€"
"U4","1","TCA8418RTWR","Package_DFN_QFN:QFN-24-1EP_4x4mm_P0.5mm_EP2.15x2.15mm","1,22€"
"U5","1","ER_OLEDM0.91_1x-I2C","SSD1306:128x64OLED","3,45€"
"U6","1","USBLC6-2SC6","Package_TO_SOT_SMD:SOT-23-6","0,26€"
